,advertiser_id,date,product_id,count
1233,Y0W3K7OV6ZLILW96OO3K,2022-04-25,v5eigl,4
1186,Y0W3K7OV6ZLILW96OO3K,2022-04-25,3lhmrm,3
1198,Y0W3K7OV6ZLILW96OO3K,2022-04-25,beso1b,3
1201,Y0W3K7OV6ZLILW96OO3K,2022-04-25,cwv3zk,3
1205,Y0W3K7OV6ZLILW96OO3K,2022-04-25,er1ri9,3
1216,Y0W3K7OV6ZLILW96OO3K,2022-04-25,jh8npa,3
1221,Y0W3K7OV6ZLILW96OO3K,2022-04-25,mxxbqr,3
1224,Y0W3K7OV6ZLILW96OO3K,2022-04-25,p73v9u,3
1231,Y0W3K7OV6ZLILW96OO3K,2022-04-25,tr578b,3
1182,Y0W3K7OV6ZLILW96OO3K,2022-04-25,05r5hx,2
1184,Y0W3K7OV6ZLILW96OO3K,2022-04-25,0qb7r9,2
1185,Y0W3K7OV6ZLILW96OO3K,2022-04-25,1ktxe9,2
1189,Y0W3K7OV6ZLILW96OO3K,2022-04-25,63na1f,2
1190,Y0W3K7OV6ZLILW96OO3K,2022-04-25,6b2ov5,2
1195,Y0W3K7OV6ZLILW96OO3K,2022-04-25,9i1661,2
1197,Y0W3K7OV6ZLILW96OO3K,2022-04-25,9yyq2o,2
1208,Y0W3K7OV6ZLILW96OO3K,2022-04-25,g6j4w0,2
1210,Y0W3K7OV6ZLILW96OO3K,2022-04-25,huohta,2
1211,Y0W3K7OV6ZLILW96OO3K,2022-04-25,if7i0q,2
1213,Y0W3K7OV6ZLILW96OO3K,2022-04-25,ipebka,2
1131,SOVPFK3BBWKTQM9HOHWJ,2022-04-25,10axas,4
1148,SOVPFK3BBWKTQM9HOHWJ,2022-04-25,c6nfma,4
1154,SOVPFK3BBWKTQM9HOHWJ,2022-04-25,hrhmnp,4
1180,SOVPFK3BBWKTQM9HOHWJ,2022-04-25,vvt39m,4
1142,SOVPFK3BBWKTQM9HOHWJ,2022-04-25,8e6tva,3
1171,SOVPFK3BBWKTQM9HOHWJ,2022-04-25,q6g402,3
1129,SOVPFK3BBWKTQM9HOHWJ,2022-04-25,0wfrps,2
1136,SOVPFK3BBWKTQM9HOHWJ,2022-04-25,2q9qmd,2
1137,SOVPFK3BBWKTQM9HOHWJ,2022-04-25,2xstvh,2
1139,SOVPFK3BBWKTQM9HOHWJ,2022-04-25,6fa8lw,2
1141,SOVPFK3BBWKTQM9HOHWJ,2022-04-25,73k7gz,2
1145,SOVPFK3BBWKTQM9HOHWJ,2022-04-25,ajuebw,2
1150,SOVPFK3BBWKTQM9HOHWJ,2022-04-25,e5tejo,2
1155,SOVPFK3BBWKTQM9HOHWJ,2022-04-25,icclta,2
1156,SOVPFK3BBWKTQM9HOHWJ,2022-04-25,ilu1sc,2
1157,SOVPFK3BBWKTQM9HOHWJ,2022-04-25,j031km,2
1160,SOVPFK3BBWKTQM9HOHWJ,2022-04-25,keol8b,2
1164,SOVPFK3BBWKTQM9HOHWJ,2022-04-25,mg3tnw,2
1168,SOVPFK3BBWKTQM9HOHWJ,2022-04-25,ov1lyn,2
1170,SOVPFK3BBWKTQM9HOHWJ,2022-04-25,q15do6,2
1073,P41C5HK4P2G5GFRMT6ZA,2022-04-25,39d2xv,3
1084,P41C5HK4P2G5GFRMT6ZA,2022-04-25,awlahi,3
1091,P41C5HK4P2G5GFRMT6ZA,2022-04-25,dj43oj,3
1107,P41C5HK4P2G5GFRMT6ZA,2022-04-25,n4nu4g,3
1125,P41C5HK4P2G5GFRMT6ZA,2022-04-25,zwxqs0,3
1067,P41C5HK4P2G5GFRMT6ZA,2022-04-25,0mqmxl,2
1068,P41C5HK4P2G5GFRMT6ZA,2022-04-25,0nd28c,2
1069,P41C5HK4P2G5GFRMT6ZA,2022-04-25,0xu1mi,2
1078,P41C5HK4P2G5GFRMT6ZA,2022-04-25,6j1irk,2
1081,P41C5HK4P2G5GFRMT6ZA,2022-04-25,99h9zg,2
1083,P41C5HK4P2G5GFRMT6ZA,2022-04-25,afs0j7,2
1086,P41C5HK4P2G5GFRMT6ZA,2022-04-25,b86y0j,2
1087,P41C5HK4P2G5GFRMT6ZA,2022-04-25,b8khej,2
1088,P41C5HK4P2G5GFRMT6ZA,2022-04-25,bakx1p,2
1090,P41C5HK4P2G5GFRMT6ZA,2022-04-25,dc6o3p,2
1092,P41C5HK4P2G5GFRMT6ZA,2022-04-25,e1m1rm,2
1093,P41C5HK4P2G5GFRMT6ZA,2022-04-25,en07j4,2
1096,P41C5HK4P2G5GFRMT6ZA,2022-04-25,frmmaq,2
1097,P41C5HK4P2G5GFRMT6ZA,2022-04-25,fszsdk,2
1109,P41C5HK4P2G5GFRMT6ZA,2022-04-25,nrh68o,2
1003,OY5LNPB5A8FF43ITRZG3,2022-04-25,37qzou,4
1049,OY5LNPB5A8FF43ITRZG3,2022-04-25,pa42nk,4
1032,OY5LNPB5A8FF43ITRZG3,2022-04-25,kaw0p8,3
1042,OY5LNPB5A8FF43ITRZG3,2022-04-25,nrybx9,3
1064,OY5LNPB5A8FF43ITRZG3,2022-04-25,xlpfgt,3
1066,OY5LNPB5A8FF43ITRZG3,2022-04-25,zw152r,3
999,OY5LNPB5A8FF43ITRZG3,2022-04-25,0mwlfl,2
1001,OY5LNPB5A8FF43ITRZG3,2022-04-25,25bn17,2
1005,OY5LNPB5A8FF43ITRZG3,2022-04-25,3xzu3j,2
1007,OY5LNPB5A8FF43ITRZG3,2022-04-25,45pbpe,2
1012,OY5LNPB5A8FF43ITRZG3,2022-04-25,7d4tc0,2
1016,OY5LNPB5A8FF43ITRZG3,2022-04-25,95zymi,2
1019,OY5LNPB5A8FF43ITRZG3,2022-04-25,c2u0e0,2
1020,OY5LNPB5A8FF43ITRZG3,2022-04-25,d6etln,2
1021,OY5LNPB5A8FF43ITRZG3,2022-04-25,ev95b1,2
1022,OY5LNPB5A8FF43ITRZG3,2022-04-25,evyobi,2
1023,OY5LNPB5A8FF43ITRZG3,2022-04-25,galbfs,2
1027,OY5LNPB5A8FF43ITRZG3,2022-04-25,i8y2a4,2
1030,OY5LNPB5A8FF43ITRZG3,2022-04-25,jgk9et,2
1031,OY5LNPB5A8FF43ITRZG3,2022-04-25,jq9mhe,2
970,OAGTYWN8WFC997VLDJH7,2022-04-25,fjunyp,4
986,OAGTYWN8WFC997VLDJH7,2022-04-25,u8uypr,4
988,OAGTYWN8WFC997VLDJH7,2022-04-25,w5whka,4
939,OAGTYWN8WFC997VLDJH7,2022-04-25,25b98h,3
949,OAGTYWN8WFC997VLDJH7,2022-04-25,5ynwpt,3
971,OAGTYWN8WFC997VLDJH7,2022-04-25,fmztl4,3
972,OAGTYWN8WFC997VLDJH7,2022-04-25,fu2hkp,3
974,OAGTYWN8WFC997VLDJH7,2022-04-25,hpknaf,3
975,OAGTYWN8WFC997VLDJH7,2022-04-25,lafclf,3
996,OAGTYWN8WFC997VLDJH7,2022-04-25,z5odon,3
936,OAGTYWN8WFC997VLDJH7,2022-04-25,0ilgbw,2
940,OAGTYWN8WFC997VLDJH7,2022-04-25,2acwiu,2
945,OAGTYWN8WFC997VLDJH7,2022-04-25,3upg35,2
946,OAGTYWN8WFC997VLDJH7,2022-04-25,47707b,2
947,OAGTYWN8WFC997VLDJH7,2022-04-25,4sp7kw,2
950,OAGTYWN8WFC997VLDJH7,2022-04-25,5ztt11,2
957,OAGTYWN8WFC997VLDJH7,2022-04-25,91n1qv,2
958,OAGTYWN8WFC997VLDJH7,2022-04-25,9536km,2
959,OAGTYWN8WFC997VLDJH7,2022-04-25,9kxmw7,2
963,OAGTYWN8WFC997VLDJH7,2022-04-25,arnle6,2
880,M0LU6DCI1WILGQBZ6808,2022-04-25,62l6uw,5
931,M0LU6DCI1WILGQBZ6808,2022-04-25,z03r68,4
885,M0LU6DCI1WILGQBZ6808,2022-04-25,9326s4,3
895,M0LU6DCI1WILGQBZ6808,2022-04-25,ehbris,3
901,M0LU6DCI1WILGQBZ6808,2022-04-25,gafhpa,3
870,M0LU6DCI1WILGQBZ6808,2022-04-25,2adoor,2
871,M0LU6DCI1WILGQBZ6808,2022-04-25,2db6t3,2
876,M0LU6DCI1WILGQBZ6808,2022-04-25,49e3oz,2
887,M0LU6DCI1WILGQBZ6808,2022-04-25,aakvj0,2
888,M0LU6DCI1WILGQBZ6808,2022-04-25,b66b0z,2
889,M0LU6DCI1WILGQBZ6808,2022-04-25,bjxh8k,2
894,M0LU6DCI1WILGQBZ6808,2022-04-25,e2i1s3,2
900,M0LU6DCI1WILGQBZ6808,2022-04-25,fj9kuj,2
909,M0LU6DCI1WILGQBZ6808,2022-04-25,nb7488,2
910,M0LU6DCI1WILGQBZ6808,2022-04-25,nh8ozd,2
911,M0LU6DCI1WILGQBZ6808,2022-04-25,oatjx0,2
912,M0LU6DCI1WILGQBZ6808,2022-04-25,pqabtg,2
913,M0LU6DCI1WILGQBZ6808,2022-04-25,rrv5uy,2
914,M0LU6DCI1WILGQBZ6808,2022-04-25,s2ha83,2
917,M0LU6DCI1WILGQBZ6808,2022-04-25,tk330n,2
816,LW045DVYSGRD75TK6U54,2022-04-25,2l45oe,4
820,LW045DVYSGRD75TK6U54,2022-04-25,4ggur1,3
825,LW045DVYSGRD75TK6U54,2022-04-25,c0hkd3,3
827,LW045DVYSGRD75TK6U54,2022-04-25,ehwog3,3
834,LW045DVYSGRD75TK6U54,2022-04-25,i0qgez,3
836,LW045DVYSGRD75TK6U54,2022-04-25,iiuf2g,3
837,LW045DVYSGRD75TK6U54,2022-04-25,isu1fp,3
843,LW045DVYSGRD75TK6U54,2022-04-25,kw3xu7,3
849,LW045DVYSGRD75TK6U54,2022-04-25,p1hy49,3
853,LW045DVYSGRD75TK6U54,2022-04-25,rusyuo,3
824,LW045DVYSGRD75TK6U54,2022-04-25,a7kran,2
830,LW045DVYSGRD75TK6U54,2022-04-25,gc03de,2
833,LW045DVYSGRD75TK6U54,2022-04-25,hpn50j,2
841,LW045DVYSGRD75TK6U54,2022-04-25,k5o7cp,2
847,LW045DVYSGRD75TK6U54,2022-04-25,n7yuqu,2
848,LW045DVYSGRD75TK6U54,2022-04-25,nthicm,2
850,LW045DVYSGRD75TK6U54,2022-04-25,p770x6,2
857,LW045DVYSGRD75TK6U54,2022-04-25,sqfmnm,2
861,LW045DVYSGRD75TK6U54,2022-04-25,uuqpvr,2
864,LW045DVYSGRD75TK6U54,2022-04-25,x3crfu,2
762,LTRZRCI4M19WYVL6Q6L5,2022-04-25,2988gl,5
759,LTRZRCI4M19WYVL6Q6L5,2022-04-25,01uo1p,3
771,LTRZRCI4M19WYVL6Q6L5,2022-04-25,786ew2,3
775,LTRZRCI4M19WYVL6Q6L5,2022-04-25,9qfaja,3
776,LTRZRCI4M19WYVL6Q6L5,2022-04-25,buze8b,3
780,LTRZRCI4M19WYVL6Q6L5,2022-04-25,d3nam2,3
785,LTRZRCI4M19WYVL6Q6L5,2022-04-25,gbruby,3
807,LTRZRCI4M19WYVL6Q6L5,2022-04-25,tucknv,3
761,LTRZRCI4M19WYVL6Q6L5,2022-04-25,1agpfl,2
765,LTRZRCI4M19WYVL6Q6L5,2022-04-25,3evhfu,2
766,LTRZRCI4M19WYVL6Q6L5,2022-04-25,4i16gh,2
769,LTRZRCI4M19WYVL6Q6L5,2022-04-25,6gi7vk,2
770,LTRZRCI4M19WYVL6Q6L5,2022-04-25,6moska,2
772,LTRZRCI4M19WYVL6Q6L5,2022-04-25,84bsc2,2
773,LTRZRCI4M19WYVL6Q6L5,2022-04-25,8x7ecu,2
777,LTRZRCI4M19WYVL6Q6L5,2022-04-25,c1ehe1,2
782,LTRZRCI4M19WYVL6Q6L5,2022-04-25,eb5fcp,2
786,LTRZRCI4M19WYVL6Q6L5,2022-04-25,giukdm,2
787,LTRZRCI4M19WYVL6Q6L5,2022-04-25,gp6ugf,2
789,LTRZRCI4M19WYVL6Q6L5,2022-04-25,hitphp,2
744,KD9PHCBGYFBRI9ET1O9R,2022-04-25,prfu7j,4
710,KD9PHCBGYFBRI9ET1O9R,2022-04-25,d3ex6m,3
712,KD9PHCBGYFBRI9ET1O9R,2022-04-25,dhws5i,3
727,KD9PHCBGYFBRI9ET1O9R,2022-04-25,kqf7nd,3
691,KD9PHCBGYFBRI9ET1O9R,2022-04-25,0zxtwc,2
693,KD9PHCBGYFBRI9ET1O9R,2022-04-25,24ymyp,2
695,KD9PHCBGYFBRI9ET1O9R,2022-04-25,359paa,2
696,KD9PHCBGYFBRI9ET1O9R,2022-04-25,41ljsb,2
697,KD9PHCBGYFBRI9ET1O9R,2022-04-25,58nqjt,2
699,KD9PHCBGYFBRI9ET1O9R,2022-04-25,5putin,2
705,KD9PHCBGYFBRI9ET1O9R,2022-04-25,8l596a,2
711,KD9PHCBGYFBRI9ET1O9R,2022-04-25,dak6b8,2
715,KD9PHCBGYFBRI9ET1O9R,2022-04-25,f0mew6,2
716,KD9PHCBGYFBRI9ET1O9R,2022-04-25,fbf182,2
719,KD9PHCBGYFBRI9ET1O9R,2022-04-25,hh9mha,2
720,KD9PHCBGYFBRI9ET1O9R,2022-04-25,hwmszv,2
724,KD9PHCBGYFBRI9ET1O9R,2022-04-25,jzo8ze,2
728,KD9PHCBGYFBRI9ET1O9R,2022-04-25,kxo57g,2
729,KD9PHCBGYFBRI9ET1O9R,2022-04-25,lhfd3v,2
736,KD9PHCBGYFBRI9ET1O9R,2022-04-25,o3a31d,2
664,K6Z0X85ZUY0TSF4RCG5J,2022-04-25,o0l0l0,4
665,K6Z0X85ZUY0TSF4RCG5J,2022-04-25,pivp1d,4
681,K6Z0X85ZUY0TSF4RCG5J,2022-04-25,wobqw9,4
639,K6Z0X85ZUY0TSF4RCG5J,2022-04-25,9vps7z,3
654,K6Z0X85ZUY0TSF4RCG5J,2022-04-25,h1hwz2,3
663,K6Z0X85ZUY0TSF4RCG5J,2022-04-25,n6gva7,3
678,K6Z0X85ZUY0TSF4RCG5J,2022-04-25,u4vs62,3
626,K6Z0X85ZUY0TSF4RCG5J,2022-04-25,4ii2l1,2
630,K6Z0X85ZUY0TSF4RCG5J,2022-04-25,649tyl,2
632,K6Z0X85ZUY0TSF4RCG5J,2022-04-25,7ng79e,2
633,K6Z0X85ZUY0TSF4RCG5J,2022-04-25,8itwkd,2
637,K6Z0X85ZUY0TSF4RCG5J,2022-04-25,9go6wj,2
638,K6Z0X85ZUY0TSF4RCG5J,2022-04-25,9u3tq6,2
647,K6Z0X85ZUY0TSF4RCG5J,2022-04-25,euxtvl,2
652,K6Z0X85ZUY0TSF4RCG5J,2022-04-25,fn7edj,2
658,K6Z0X85ZUY0TSF4RCG5J,2022-04-25,jo9xmi,2
659,K6Z0X85ZUY0TSF4RCG5J,2022-04-25,jqaze1,2
662,K6Z0X85ZUY0TSF4RCG5J,2022-04-25,mxkgi3,2
672,K6Z0X85ZUY0TSF4RCG5J,2022-04-25,rgd32p,2
674,K6Z0X85ZUY0TSF4RCG5J,2022-04-25,rnnv2r,2
589,IOBPI63RBJIHI5FB7U9O,2022-04-25,jffadn,4
580,IOBPI63RBJIHI5FB7U9O,2022-04-25,f000fl,3
588,IOBPI63RBJIHI5FB7U9O,2022-04-25,i2cska,3
616,IOBPI63RBJIHI5FB7U9O,2022-04-25,xudqin,3
560,IOBPI63RBJIHI5FB7U9O,2022-04-25,0kre8o,2
563,IOBPI63RBJIHI5FB7U9O,2022-04-25,2wcwdn,2
567,IOBPI63RBJIHI5FB7U9O,2022-04-25,5rsuey,2
568,IOBPI63RBJIHI5FB7U9O,2022-04-25,6xiyqw,2
569,IOBPI63RBJIHI5FB7U9O,2022-04-25,6xs4s4,2
570,IOBPI63RBJIHI5FB7U9O,2022-04-25,746l38,2
572,IOBPI63RBJIHI5FB7U9O,2022-04-25,7q90vm,2
573,IOBPI63RBJIHI5FB7U9O,2022-04-25,81an2b,2
574,IOBPI63RBJIHI5FB7U9O,2022-04-25,8snsgj,2
579,IOBPI63RBJIHI5FB7U9O,2022-04-25,e7dyf4,2
584,IOBPI63RBJIHI5FB7U9O,2022-04-25,gtgbe0,2
585,IOBPI63RBJIHI5FB7U9O,2022-04-25,hgpq4t,2
594,IOBPI63RBJIHI5FB7U9O,2022-04-25,lzcf1t,2
602,IOBPI63RBJIHI5FB7U9O,2022-04-25,p6ujl2,2
603,IOBPI63RBJIHI5FB7U9O,2022-04-25,qi3uth,2
610,IOBPI63RBJIHI5FB7U9O,2022-04-25,u34sqr,2
505,IDOFCO721HTJGDH7332G,2022-04-25,67sr8d,3
508,IDOFCO721HTJGDH7332G,2022-04-25,7beo22,3
515,IDOFCO721HTJGDH7332G,2022-04-25,az1q0k,3
530,IDOFCO721HTJGDH7332G,2022-04-25,i8oip0,3
532,IDOFCO721HTJGDH7332G,2022-04-25,jd5mz5,3
547,IDOFCO721HTJGDH7332G,2022-04-25,ped1lm,3
553,IDOFCO721HTJGDH7332G,2022-04-25,wpsx4z,3
494,IDOFCO721HTJGDH7332G,2022-04-25,015ly6,2
495,IDOFCO721HTJGDH7332G,2022-04-25,09aor9,2
497,IDOFCO721HTJGDH7332G,2022-04-25,1stiwg,2
498,IDOFCO721HTJGDH7332G,2022-04-25,278yot,2
503,IDOFCO721HTJGDH7332G,2022-04-25,4x5403,2
519,IDOFCO721HTJGDH7332G,2022-04-25,dhertt,2
523,IDOFCO721HTJGDH7332G,2022-04-25,f4skmk,2
526,IDOFCO721HTJGDH7332G,2022-04-25,gq5s4n,2
534,IDOFCO721HTJGDH7332G,2022-04-25,jvexc8,2
539,IDOFCO721HTJGDH7332G,2022-04-25,lcqdtk,2
544,IDOFCO721HTJGDH7332G,2022-04-25,nuneq9,2
545,IDOFCO721HTJGDH7332G,2022-04-25,nz7gm9,2
548,IDOFCO721HTJGDH7332G,2022-04-25,qtegns,2
437,GXLKAA83238FVRU718EX,2022-04-25,5gf94k,3
440,GXLKAA83238FVRU718EX,2022-04-25,8i58a2,3
469,GXLKAA83238FVRU718EX,2022-04-25,perhqq,3
470,GXLKAA83238FVRU718EX,2022-04-25,pewnom,3
477,GXLKAA83238FVRU718EX,2022-04-25,t32i8f,3
478,GXLKAA83238FVRU718EX,2022-04-25,u1ipbf,3
480,GXLKAA83238FVRU718EX,2022-04-25,uxkhp4,3
489,GXLKAA83238FVRU718EX,2022-04-25,y76wdz,3
433,GXLKAA83238FVRU718EX,2022-04-25,0umktp,2
435,GXLKAA83238FVRU718EX,2022-04-25,4zcdiu,2
438,GXLKAA83238FVRU718EX,2022-04-25,6em8eh,2
439,GXLKAA83238FVRU718EX,2022-04-25,6j2s9z,2
442,GXLKAA83238FVRU718EX,2022-04-25,ab7so9,2
443,GXLKAA83238FVRU718EX,2022-04-25,awjm6m,2
444,GXLKAA83238FVRU718EX,2022-04-25,ay5eg9,2
445,GXLKAA83238FVRU718EX,2022-04-25,b27i2o,2
449,GXLKAA83238FVRU718EX,2022-04-25,e8mnq1,2
451,GXLKAA83238FVRU718EX,2022-04-25,ez1fk0,2
455,GXLKAA83238FVRU718EX,2022-04-25,h5392m,2
462,GXLKAA83238FVRU718EX,2022-04-25,k6i0r8,2
405,EN1SA43DTN2LIR8DEW5S,2022-04-25,mgkr2e,4
399,EN1SA43DTN2LIR8DEW5S,2022-04-25,izj0ly,3
417,EN1SA43DTN2LIR8DEW5S,2022-04-25,rv7474,3
421,EN1SA43DTN2LIR8DEW5S,2022-04-25,tiukcx,3
430,EN1SA43DTN2LIR8DEW5S,2022-04-25,xt8kfu,3
375,EN1SA43DTN2LIR8DEW5S,2022-04-25,3j73up,2
377,EN1SA43DTN2LIR8DEW5S,2022-04-25,4c1acx,2
382,EN1SA43DTN2LIR8DEW5S,2022-04-25,69ncq4,2
386,EN1SA43DTN2LIR8DEW5S,2022-04-25,9lk78t,2
388,EN1SA43DTN2LIR8DEW5S,2022-04-25,ccw4bg,2
390,EN1SA43DTN2LIR8DEW5S,2022-04-25,ctyu0r,2
393,EN1SA43DTN2LIR8DEW5S,2022-04-25,hihr5f,2
395,EN1SA43DTN2LIR8DEW5S,2022-04-25,i0k7a6,2
398,EN1SA43DTN2LIR8DEW5S,2022-04-25,irqf19,2
401,EN1SA43DTN2LIR8DEW5S,2022-04-25,kz247b,2
408,EN1SA43DTN2LIR8DEW5S,2022-04-25,nr2b5q,2
409,EN1SA43DTN2LIR8DEW5S,2022-04-25,o50z9s,2
415,EN1SA43DTN2LIR8DEW5S,2022-04-25,r7u33k,2
427,EN1SA43DTN2LIR8DEW5S,2022-04-25,wl2x12,2
369,EN1SA43DTN2LIR8DEW5S,2022-04-25,02zmit,1
356,AK81O7W3KGPEN8LABG2N,2022-04-25,rngaov,5
350,AK81O7W3KGPEN8LABG2N,2022-04-25,ow2kil,4
309,AK81O7W3KGPEN8LABG2N,2022-04-25,3chn8i,3
328,AK81O7W3KGPEN8LABG2N,2022-04-25,fzypme,3
330,AK81O7W3KGPEN8LABG2N,2022-04-25,gaxayt,3
361,AK81O7W3KGPEN8LABG2N,2022-04-25,wcq4h6,3
365,AK81O7W3KGPEN8LABG2N,2022-04-25,xxqest,3
302,AK81O7W3KGPEN8LABG2N,2022-04-25,0khlye,2
311,AK81O7W3KGPEN8LABG2N,2022-04-25,48ovdm,2
313,AK81O7W3KGPEN8LABG2N,2022-04-25,59f9qj,2
314,AK81O7W3KGPEN8LABG2N,2022-04-25,5lrl18,2
317,AK81O7W3KGPEN8LABG2N,2022-04-25,6x3k6b,2
320,AK81O7W3KGPEN8LABG2N,2022-04-25,b9lvab,2
325,AK81O7W3KGPEN8LABG2N,2022-04-25,e0rj56,2
333,AK81O7W3KGPEN8LABG2N,2022-04-25,hmfxqy,2
339,AK81O7W3KGPEN8LABG2N,2022-04-25,ltdb84,2
346,AK81O7W3KGPEN8LABG2N,2022-04-25,nbejl7,2
347,AK81O7W3KGPEN8LABG2N,2022-04-25,nbfbsx,2
348,AK81O7W3KGPEN8LABG2N,2022-04-25,nj0hdb,2
349,AK81O7W3KGPEN8LABG2N,2022-04-25,oc3d89,2
285,8C88YB6E8YCGWU07HA7A,2022-04-25,n3fi2a,4
247,8C88YB6E8YCGWU07HA7A,2022-04-25,3f7v55,3
251,8C88YB6E8YCGWU07HA7A,2022-04-25,4zv71d,3
281,8C88YB6E8YCGWU07HA7A,2022-04-25,m80sug,3
295,8C88YB6E8YCGWU07HA7A,2022-04-25,v2heoq,3
298,8C88YB6E8YCGWU07HA7A,2022-04-25,wbywfz,3
242,8C88YB6E8YCGWU07HA7A,2022-04-25,1f27se,2
254,8C88YB6E8YCGWU07HA7A,2022-04-25,5nus5m,2
257,8C88YB6E8YCGWU07HA7A,2022-04-25,63sjhs,2
260,8C88YB6E8YCGWU07HA7A,2022-04-25,7n9nl9,2
261,8C88YB6E8YCGWU07HA7A,2022-04-25,8x1fk4,2
269,8C88YB6E8YCGWU07HA7A,2022-04-25,dzmqrc,2
270,8C88YB6E8YCGWU07HA7A,2022-04-25,ev3qpo,2
276,8C88YB6E8YCGWU07HA7A,2022-04-25,j6v398,2
278,8C88YB6E8YCGWU07HA7A,2022-04-25,jsug33,2
282,8C88YB6E8YCGWU07HA7A,2022-04-25,m8x9b5,2
286,8C88YB6E8YCGWU07HA7A,2022-04-25,q9x59n,2
290,8C88YB6E8YCGWU07HA7A,2022-04-25,ro1cyv,2
292,8C88YB6E8YCGWU07HA7A,2022-04-25,t0z4jp,2
300,8C88YB6E8YCGWU07HA7A,2022-04-25,zmor7s,2
236,6X20RDH567MX2X3TXYJ7,2022-04-25,y5r1fc,4
183,6X20RDH567MX2X3TXYJ7,2022-04-25,3k4wti,3
189,6X20RDH567MX2X3TXYJ7,2022-04-25,79hkq6,3
204,6X20RDH567MX2X3TXYJ7,2022-04-25,gatqww,3
205,6X20RDH567MX2X3TXYJ7,2022-04-25,hwm12w,3
213,6X20RDH567MX2X3TXYJ7,2022-04-25,mq3rau,3
219,6X20RDH567MX2X3TXYJ7,2022-04-25,nozjco,3
221,6X20RDH567MX2X3TXYJ7,2022-04-25,pjd3vz,3
182,6X20RDH567MX2X3TXYJ7,2022-04-25,206312,2
185,6X20RDH567MX2X3TXYJ7,2022-04-25,46bx7f,2
187,6X20RDH567MX2X3TXYJ7,2022-04-25,5q5gby,2
190,6X20RDH567MX2X3TXYJ7,2022-04-25,85g6oi,2
197,6X20RDH567MX2X3TXYJ7,2022-04-25,ca7qql,2
198,6X20RDH567MX2X3TXYJ7,2022-04-25,ed41q1,2
200,6X20RDH567MX2X3TXYJ7,2022-04-25,g19nve,2
202,6X20RDH567MX2X3TXYJ7,2022-04-25,g39i0s,2
211,6X20RDH567MX2X3TXYJ7,2022-04-25,lynq5f,2
212,6X20RDH567MX2X3TXYJ7,2022-04-25,mjukt2,2
215,6X20RDH567MX2X3TXYJ7,2022-04-25,n1ia3i,2
218,6X20RDH567MX2X3TXYJ7,2022-04-25,ndi3bl,2
131,62FIK8F2YT8JSFDBLEC9,2022-04-25,4nunqe,3
137,62FIK8F2YT8JSFDBLEC9,2022-04-25,akr23y,3
151,62FIK8F2YT8JSFDBLEC9,2022-04-25,jn3jwp,3
154,62FIK8F2YT8JSFDBLEC9,2022-04-25,opeqbs,3
177,62FIK8F2YT8JSFDBLEC9,2022-04-25,yusr3p,3
133,62FIK8F2YT8JSFDBLEC9,2022-04-25,5uqsrl,2
135,62FIK8F2YT8JSFDBLEC9,2022-04-25,a9fx8r,2
139,62FIK8F2YT8JSFDBLEC9,2022-04-25,cpr5bw,2
143,62FIK8F2YT8JSFDBLEC9,2022-04-25,ektrp8,2
145,62FIK8F2YT8JSFDBLEC9,2022-04-25,fc50gi,2
148,62FIK8F2YT8JSFDBLEC9,2022-04-25,go26yw,2
149,62FIK8F2YT8JSFDBLEC9,2022-04-25,ih1owh,2
155,62FIK8F2YT8JSFDBLEC9,2022-04-25,opxejb,2
156,62FIK8F2YT8JSFDBLEC9,2022-04-25,owih8y,2
157,62FIK8F2YT8JSFDBLEC9,2022-04-25,p8a3xn,2
158,62FIK8F2YT8JSFDBLEC9,2022-04-25,pacgwu,2
164,62FIK8F2YT8JSFDBLEC9,2022-04-25,upwmzv,2
166,62FIK8F2YT8JSFDBLEC9,2022-04-25,vaj0sy,2
168,62FIK8F2YT8JSFDBLEC9,2022-04-25,wkgv0x,2
173,62FIK8F2YT8JSFDBLEC9,2022-04-25,xn7n1l,2
92,5E325T5HYL61QSABVR5V,2022-04-25,irymbc,5
91,5E325T5HYL61QSABVR5V,2022-04-25,htd40c,4
115,5E325T5HYL61QSABVR5V,2022-04-25,tspdm6,4
121,5E325T5HYL61QSABVR5V,2022-04-25,xiusbf,4
69,5E325T5HYL61QSABVR5V,2022-04-25,67vcf8,3
71,5E325T5HYL61QSABVR5V,2022-04-25,7my5g6,3
73,5E325T5HYL61QSABVR5V,2022-04-25,90z55r,3
85,5E325T5HYL61QSABVR5V,2022-04-25,ef53ef,3
88,5E325T5HYL61QSABVR5V,2022-04-25,fm01zu,3
104,5E325T5HYL61QSABVR5V,2022-04-25,pwb09v,3
65,5E325T5HYL61QSABVR5V,2022-04-25,4tw8tf,2
66,5E325T5HYL61QSABVR5V,2022-04-25,4ykxyt,2
70,5E325T5HYL61QSABVR5V,2022-04-25,7l5x6q,2
72,5E325T5HYL61QSABVR5V,2022-04-25,8s5t1b,2
75,5E325T5HYL61QSABVR5V,2022-04-25,9h4jly,2
76,5E325T5HYL61QSABVR5V,2022-04-25,9hl7st,2
77,5E325T5HYL61QSABVR5V,2022-04-25,9lk0rl,2
79,5E325T5HYL61QSABVR5V,2022-04-25,asrduk,2
83,5E325T5HYL61QSABVR5V,2022-04-25,dv136z,2
84,5E325T5HYL61QSABVR5V,2022-04-25,ec7rap,2
0,2WPF1NXECF3G6NUMWDO7,2022-04-25,01mgr3,3
32,2WPF1NXECF3G6NUMWDO7,2022-04-25,iidnrv,3
55,2WPF1NXECF3G6NUMWDO7,2022-04-25,w433kg,3
56,2WPF1NXECF3G6NUMWDO7,2022-04-25,x00px9,3
2,2WPF1NXECF3G6NUMWDO7,2022-04-25,18v6fo,2
3,2WPF1NXECF3G6NUMWDO7,2022-04-25,1ch7g8,2
4,2WPF1NXECF3G6NUMWDO7,2022-04-25,1za6l5,2
8,2WPF1NXECF3G6NUMWDO7,2022-04-25,4g0a2g,2
14,2WPF1NXECF3G6NUMWDO7,2022-04-25,805ivg,2
15,2WPF1NXECF3G6NUMWDO7,2022-04-25,8rxcdk,2
19,2WPF1NXECF3G6NUMWDO7,2022-04-25,9cgdv8,2
27,2WPF1NXECF3G6NUMWDO7,2022-04-25,enci0h,2
28,2WPF1NXECF3G6NUMWDO7,2022-04-25,et9q8s,2
29,2WPF1NXECF3G6NUMWDO7,2022-04-25,f9jep9,2
31,2WPF1NXECF3G6NUMWDO7,2022-04-25,hwgf22,2
38,2WPF1NXECF3G6NUMWDO7,2022-04-25,lohq9t,2
39,2WPF1NXECF3G6NUMWDO7,2022-04-25,lq3nso,2
40,2WPF1NXECF3G6NUMWDO7,2022-04-25,lyaj9j,2
42,2WPF1NXECF3G6NUMWDO7,2022-04-25,np11o4,2
46,2WPF1NXECF3G6NUMWDO7,2022-04-25,okk6di,2
